Time t / s,Voltage U_1 / V
0,-0.0049995
0.002,-0.0049995
0.004,-0.0049995
0.006,-0.0049995
0.008,-0.0049995
0.01,-0.0049995
0.012,-0.0049995
0.014,-0.0049995
0.016,-0.0049995
0.018,-0.0049995
0.02,-0.0049995
0.022,-0.0049995
0.024,-0.0049995
0.026,-0.0049995
0.028,-0.0049995
0.03,-0.0049995
0.032,-0.0049995
0.034,-0.0049995
0.036,-0.0049995
0.038,-0.0049995
0.04,-0.0049995
0.042,-0.0049995
0.044,-0.0049995
0.046,0
0.048,-0.0049995
0.05,-0.0049995
0.052,-0.0049995
0.054,-0.0049995
0.056,0
0.058,-0.0049995
0.06,-0.0049995
0.062,-0.0049995
0.064,-0.0049995
0.066,-0.0049995
0.068,-0.0049995
0.07,-0.0049995
0.072,-0.0049995
0.074,-0.0049995
0.076,-0.0049995
0.078,-0.0049995
0.08,-0.0049995
0.082,-0.0049995
0.084,-0.0049995
0.086,-0.0049995
0.088,0
0.09,-0.0049995
0.092,-0.0049995
0.094,-0.0049995
0.096,-0.0049995
0.098,-0.0049995
0.1,-0.0049995
0.102,-0.0049995
0.104,0
0.106,-0.0049995
0.108,-0.0049995
0.11,-0.0049995
0.112,-0.0049995
0.114,-0.0049995
0.116,-0.0049995
0.118,-0.0049995
0.12,-0.0049995
0.122,0
0.124,-0.0049995
0.126,-0.0049995
0.128,0
0.13,-0.0049995
0.132,-0.0049995
0.134,-0.0049995
0.136,-0.0049995
0.138,-0.0049995
0.14,-0.0049995
0.142,-0.0049995
0.144,-0.0049995
0.146,-0.0049995
0.148,-0.0049995
0.15,-0.0049995
0.152,-0.0049995
0.154,-0.0049995
0.156,-0.0049995
0.158,-0.0049995
0.16,0
0.162,0
0.164,-0.0049995
0.166,-0.0049995
0.168,-0.0049995
0.17,-0.0049995
0.172,-0.0049995
0.174,-0.0049995
0.176,-0.0049995
0.178,-0.0049995
0.18,-0.0049995
0.182,-0.0049995
0.184,-0.0049995
0.186,-0.0049995
0.188,-0.0049995
0.19,0
0.192,-0.0049995
0.194,-0.0049995
0.196,-0.0049995
0.198,0
0.2,-0.0049995
0.202,-0.0049995
0.204,0
0.206,-0.0049995
0.208,-0.0049995
0.21,-0.0049995
0.212,-0.0049995
0.214,-0.0049995
0.216,-0.0049995
0.218,-0.0049995
0.22,-0.0049995
0.222,-0.0049995
0.224,-0.0049995
0.226,0
0.228,-0.0049995
0.23,-0.0049995
0.232,-0.0049995
0.234,-0.0049995
0.236,-0.0049995
0.238,-0.0049995
0.24,-0.0049995
0.242,-0.0049995
0.244,-0.0049995
0.246,-0.0049995
0.248,-0.0049995
0.25,-0.0049995
0.252,-0.0049995
0.254,-0.0049995
0.256,-0.0049995
0.258,-0.0049995
0.26,-0.0049995
0.262,-0.0049995
0.264,-0.0049995
0.266,-0.0049995
0.268,-0.0049995
0.27,-0.0049995
0.272,-0.0049995
0.274,-0.0049995
0.276,-0.0049995
0.278,-0.0049995
0.28,-0.0049995
0.282,-0.0049995
0.284,-0.0049995
0.286,-0.0049995
0.288,-0.0049995
0.29,-0.0049995
0.292,-0.0049995
0.294,-0.0049995
0.296,-0.0049995
0.298,-0.0049995
0.3,-0.0049995
0.302,-0.0049995
0.304,-0.0049995
0.306,-0.0049995
0.308,-0.0049995
0.31,0
0.312,0
0.314,-0.0049995
0.316,-0.0049995
0.318,-0.0049995
0.32,-0.0049995
0.322,-0.0049995
0.324,-0.0049995
0.326,0
0.328,-0.0049995
0.33,-0.0049995
0.332,-0.0049995
0.334,-0.0049995
0.336,-0.0049995
0.338,-0.0049995
0.34,-0.0049995
0.342,-0.0049995
0.344,-0.0049995
0.346,-0.0049995
0.348,-0.0049995
0.35,-0.0049995
0.352,-0.0049995
0.354,-0.0049995
0.356,-0.0049995
0.358,-0.0049995
0.36,-0.0049995
0.362,-0.0049995
0.364,-0.0049995
0.366,-0.0049995
0.368,-0.0049995
0.37,-0.0049995
0.372,-0.0049995
0.374,-0.0049995
0.376,-0.0049995
0.378,-0.0049995
0.38,-0.0049995
0.382,-0.0049995
0.384,-0.0049995
0.386,-0.0049995
0.388,-0.0049995
0.39,0
0.392,-0.0049995
0.394,-0.0049995
0.396,-0.0049995
0.398,-0.0049995
0.4,-0.0049995
0.402,-0.0049995
0.404,-0.0049995
0.406,-0.0049995
0.408,-0.0049995
0.41,-0.0049995
0.412,-0.0049995
0.414,-0.0049995
0.416,-0.0049995
0.418,-0.0049995
0.42,-0.0049995
0.422,-0.0049995
0.424,-0.0049995
0.426,-0.0049995
0.428,-0.0049995
0.43,-0.0049995
0.432,-0.0049995
0.434,-0.0049995
0.436,-0.0049995
0.438,-0.0049995
0.44,-0.0049995
0.442,-0.0049995
0.444,-0.0049995
0.446,-0.0049995
0.448,-0.0049995
0.45,0
0.452,-0.0049995
0.454,-0.0049995
0.456,-0.0049995
0.458,-0.0049995
0.46,-0.0049995
0.462,-0.0049995
0.464,-0.0049995
0.466,-0.0049995
0.468,-0.0049995
0.47,-0.0049995
0.472,-0.0049995
0.474,-0.0049995
0.476,-0.0049995
0.478,-0.0049995
0.48,-0.0049995
0.482,-0.0049995
0.484,-0.0049995
0.486,-0.0049995
0.488,-0.0049995
0.49,-0.0049995
0.492,-0.0049995
0.494,-0.0049995
0.496,-0.0049995
0.498,-0.0049995
0.5,-0.0049995
0.502,-0.0049995
0.504,-0.0049995
0.506,-0.0049995
0.508,0
0.51,-0.0049995
0.512,-0.0049995
0.514,-0.0049995
0.516,-0.0049995
0.518,-0.0049995
0.52,-0.0049995
0.522,-0.0049995
0.524,-0.0049995
0.526,-0.0049995
0.528,-0.0049995
0.53,-0.0049995
0.532,-0.0049995
0.534,-0.0049995
0.536,-0.0049995
0.538,-0.0049995
0.54,-0.0049995
0.542,-0.0049995
0.544,-0.0049995
0.546,-0.0049995
0.548,-0.0049995
0.55,-0.0049995
0.552,-0.0049995
0.554,-0.0049995
0.556,-0.0049995
0.558,-0.0049995
0.56,-0.0049995
0.562,-0.0049995
0.564,-0.0049995
0.566,-0.0049995
0.568,-0.0049995
0.57,-0.0049995
0.572,-0.0049995
0.574,-0.0049995
0.576,-0.0049995
0.578,-0.0049995
0.58,-0.0049995
0.582,-0.0049995
0.584,-0.0049995
0.586,-0.0049995
0.588,-0.0049995
0.59,-0.0049995
0.592,-0.0049995
0.594,-0.0049995
0.596,-0.0049995
0.598,0
0.6,-0.0049995
0.602,-0.0049995
0.604,-0.0049995
0.606,-0.0049995
0.608,-0.0049995
0.61,-0.0049995
0.612,-0.0049995
0.614,-0.0049995
0.616,-0.0049995
0.618,-0.0049995
0.62,-0.0049995
0.622,0
0.624,0
0.626,-0.0049995
0.628,-0.0049995
0.63,-0.0049995
0.632,0
0.634,-0.0049995
0.636,-0.0049995
0.638,-0.0049995
0.64,-0.0049995
0.642,-0.0049995
0.644,-0.0049995
0.646,-0.0049995
0.648,-0.0049995
0.65,-0.0049995
0.652,-0.0049995
0.654,-0.0049995
0.656,-0.0049995
0.658,-0.0049995
0.66,-0.0049995
0.662,-0.0049995
0.664,-0.0049995
0.666,0
0.668,-0.0049995
0.67,0
0.672,-0.0049995
0.674,0
0.676,-0.0049995
0.678,-0.0049995
0.68,-0.0049995
0.682,-0.0049995
0.684,-0.0049995
0.686,0
0.688,-0.0049995
0.69,-0.0049995
0.692,-0.0049995
0.694,-0.0049995
0.696,-0.0049995
0.698,-0.0049995
0.7,-0.0049995
0.702,-0.0049995
0.704,-0.0049995
0.706,-0.0049995
0.708,-0.0049995
0.71,-0.0049995
0.712,-0.0049995
0.714,-0.0049995
0.716,-0.0049995
0.718,0
0.72,-0.0049995
0.722,-0.0049995
0.724,-0.0049995
0.726,-0.0049995
0.728,-0.0049995
0.73,-0.0049995
0.732,0
0.734,-0.0049995
0.736,-0.0049995
0.738,-0.0049995
0.74,0
0.742,0
0.744,-0.0049995
0.746,-0.0049995
0.748,-0.0049995
0.75,-0.0049995
0.752,-0.0049995
0.754,-0.0049995
0.756,-0.0049995
0.758,-0.0049995
0.76,-0.0049995
0.762,-0.0049995
0.764,-0.0049995
0.766,-0.0049995
0.768,-0.0049995
0.77,-0.0049995
0.772,-0.0049995
0.774,-0.0049995
0.776,-0.0049995
0.778,-0.0049995
0.78,-0.0049995
0.782,-0.0049995
0.784,-0.0049995
0.786,-0.0049995
0.788,-0.0049995
0.79,-0.0049995
0.792,-0.0049995
0.794,-0.0049995
0.796,-0.0049995
0.798,-0.0049995
0.8,-0.0049995
0.802,-0.0049995
0.804,-0.0049995
0.806,-0.0049995
0.808,-0.0049995
0.81,-0.0049995
0.812,-0.0049995
0.814,0
0.816,-0.0049995
0.818,-0.0049995
0.82,-0.0049995
0.822,-0.0049995
0.824,-0.0049995
0.826,0
0.828,-0.0049995
0.83,-0.0049995
0.832,0
0.834,-0.0049995
0.836,-0.0049995
0.838,-0.0049995
0.84,-0.0049995
0.842,-0.0049995
0.844,0
0.846,-0.0049995
0.848,-0.0049995
0.85,-0.0049995
0.852,-0.0049995
0.854,-0.0049995
0.856,0
0.858,-0.0049995
0.86,-0.0049995
0.862,-0.0049995
0.864,-0.0049995
0.866,0
0.868,-0.0049995
0.87,-0.0049995
0.872,-0.0049995
0.874,-0.0049995
0.876,-0.0049995
0.878,-0.0049995
0.88,-0.0049995
0.882,-0.0049995
0.884,-0.0049995
0.886,-0.0049995
0.888,-0.0049995
0.89,0
0.892,-0.0049995
0.894,-0.0049995
0.896,-0.0049995
0.898,-0.0049995
0.9,-0.0049995
0.902,-0.0049995
0.904,-0.0049995
0.906,-0.0049995
0.908,-0.0049995
0.91,0
0.912,-0.0049995
0.914,-0.0049995
0.916,-0.0049995
0.918,-0.0049995
0.92,0
0.922,-0.0049995
0.924,-0.0049995
0.926,-0.0049995
0.928,-0.0049995
0.93,-0.0049995
0.932,-0.0049995
0.934,-0.0049995
0.936,-0.0049995
0.938,-0.0049995
0.94,-0.0049995
0.942,-0.0049995
0.944,-0.0049995
0.946,-0.0049995
0.948,-0.0049995
0.95,-0.0049995
0.952,-0.0049995
0.954,-0.0049995
0.956,-0.0049995
0.958,-0.0049995
0.96,-0.0049995
0.962,-0.0049995
0.964,-0.0049995
0.966,-0.0049995
0.968,-0.0049995
0.97,0
0.972,-0.0049995
0.974,-0.0049995
0.976,-0.0049995
0.978,-0.0049995
0.98,-0.0049995
0.982,-0.0049995
0.984,-0.0049995
0.986,-0.0049995
0.988,-0.0049995
0.99,-0.0049995
0.992,-0.0049995
0.994,-0.0049995
0.996,-0.0049995
0.998,-0.0049995
1,-0.0049995
1.002,0
1.004,-0.0049995
1.006,-0.0049995
1.008,-0.0049995
1.01,-0.0049995
1.012,-0.0049995
1.014,-0.0049995
1.016,-0.0049995
1.018,-0.0049995
1.02,-0.0049995
1.022,-0.0049995
1.024,-0.0049995
1.026,-0.0049995
1.028,-0.0049995
1.03,-0.0049995
1.032,0
1.034,-0.0049995
1.036,-0.0049995
1.038,-0.0049995
1.04,-0.0049995
1.042,-0.0049995
1.044,-0.0049995
1.046,-0.0049995
1.048,-0.0049995
1.05,-0.0049995
1.052,-0.0049995
1.054,-0.0049995
1.056,-0.0049995
1.058,-0.0049995
1.06,-0.0049995
1.062,-0.0049995
1.064,-0.0049995
1.066,-0.0049995
1.068,-0.0049995
1.07,-0.0049995
1.072,-0.0049995
1.074,-0.0049995
1.076,-0.0049995
1.078,0
1.08,-0.0049995
1.082,-0.0049995
1.084,-0.0049995
1.086,-0.0049995
1.088,-0.0049995
1.09,-0.0049995
1.092,-0.0049995
1.094,-0.0049995
1.096,-0.0049995
1.098,-0.0049995
1.1,-0.0049995
1.102,-0.0049995
1.104,-0.0049995
1.106,-0.0049995
1.108,-0.0049995
1.11,-0.0049995
1.112,-0.0049995
1.114,-0.0049995
1.116,-0.0049995
1.118,-0.0049995
1.12,-0.0049995
1.122,-0.0049995
1.124,-0.0049995
1.126,-0.0049995
1.128,-0.0049995
1.13,-0.0049995
1.132,0
1.134,-0.0049995
1.136,-0.0049995
1.138,-0.0049995
1.14,-0.0049995
1.142,-0.0049995
1.144,-0.0049995
1.146,0
1.148,-0.0049995
1.15,0
1.152,-0.0049995
1.154,-0.0049995
1.156,-0.0049995
1.158,-0.0049995
1.16,-0.0049995
1.162,-0.0049995
1.164,0
1.166,-0.0049995
1.168,-0.0049995
1.17,-0.0049995
1.172,-0.0049995
1.174,-0.0049995
1.176,-0.0049995
1.178,-0.0049995
1.18,-0.0049995
1.182,-0.0049995
1.184,-0.0049995
1.186,-0.0049995
1.188,-0.0049995
1.19,-0.0049995
1.192,-0.0049995
1.194,-0.0049995
1.196,-0.0049995
1.198,-0.0049995
1.2,-0.0049995
1.202,-0.0049995
1.204,-0.0049995
1.206,0
1.208,-0.0049995
1.21,-0.0049995
1.212,-0.0049995
1.214,-0.0049995
1.216,-0.0049995
1.218,-0.0049995
1.22,-0.0049995
1.222,-0.0049995
1.224,-0.0049995
1.226,-0.0049995
1.228,-0.0049995
1.23,-0.0049995
1.232,-0.0049995
1.234,-0.0049995
1.236,-0.0049995
1.238,-0.0049995
1.24,-0.0049995
1.242,-0.0049995
1.244,-0.0049995
1.246,-0.0049995
1.248,-0.0049995
1.25,-0.0049995
1.252,-0.0049995
1.254,-0.0049995
1.256,-0.0049995
1.258,-0.0049995
1.26,-0.0049995
1.262,-0.0049995
1.264,-0.0049995
1.266,-0.0049995
1.268,-0.0049995
1.27,0
1.272,0
1.274,-0.0049995
1.276,-0.0049995
1.278,0
1.28,-0.0049995
1.282,-0.0049995
1.284,-0.0049995
1.286,0
1.288,0
1.29,-0.0049995
1.292,-0.0049995
1.294,0
1.296,-0.0049995
1.298,-0.0049995
1.3,-0.0049995
1.302,-0.0049995
1.304,-0.0049995
1.306,-0.0049995
1.308,-0.0049995
1.31,-0.0049995
1.312,-0.0049995
1.314,-0.0049995
1.316,-0.0049995
1.318,-0.0049995
1.32,-0.0049995
1.322,-0.0049995
1.324,-0.0049995
1.326,-0.0049995
1.328,-0.0049995
1.33,-0.0049995
1.332,-0.0049995
1.334,-0.0049995
1.336,-0.0049995
1.338,-0.0049995
1.34,-0.0049995
1.342,-0.0049995
1.344,0
1.346,-0.0049995
1.348,-0.0049995
1.35,-0.0049995
1.352,-0.0049995
1.354,-0.0049995
1.356,-0.0049995
1.358,-0.0049995
1.36,0
1.362,-0.0049995
1.364,-0.0049995
1.366,-0.0049995
1.368,-0.0049995
1.37,-0.0049995
1.372,-0.0049995
1.374,-0.0049995
1.376,-0.0049995
1.378,-0.0049995
1.38,-0.0049995
1.382,-0.0049995
1.384,-0.0049995
1.386,-0.0049995
1.388,-0.0049995
1.39,0
1.392,-0.0049995
1.394,-0.0049995
1.396,-0.0049995
1.398,-0.0049995
1.4,-0.0049995
1.402,-0.0049995
1.404,-0.0049995
1.406,-0.0049995
1.408,-0.0049995
1.41,-0.0049995
1.412,-0.0049995
1.414,-0.0049995
1.416,0
1.418,-0.0049995
1.42,-0.0049995
1.422,-0.0049995
1.424,-0.0049995
1.426,-0.0049995
1.428,-0.0049995
1.43,-0.0049995
1.432,-0.0049995
1.434,-0.0049995
1.436,-0.0049995
1.438,-0.0049995
1.44,-0.0049995
1.442,-0.0049995
1.444,-0.0049995
1.446,-0.0049995
1.448,-0.0049995
1.45,-0.009999
1.452,-0.009999
1.454,-0.009999
1.456,-0.009999
1.458,-0.009999
1.46,-0.009999
1.462,-0.009999
1.464,-0.0049995
1.466,-0.009999
1.468,-0.009999
1.47,-0.009999
1.472,-0.009999
1.474,-0.009999
1.476,-0.009999
1.478,-0.009999
1.48,-0.009999
1.482,-0.009999
1.484,-0.009999
1.486,-0.009999
1.488,-0.009999
1.49,-0.009999
1.492,-0.0049995
1.494,-0.0049995
1.496,-0.009999
1.498,-0.0049995
1.5,-0.0049995
1.502,-0.0049995
1.504,-0.0049995
1.506,-0.0049995
1.508,-0.0049995
1.51,-0.0049995
1.512,-0.0049995
1.514,-0.0049995
1.516,-0.0049995
1.518,0
1.52,0
1.522,0
1.524,0
1.526,0
1.528,0
1.53,0
1.532,0
1.534,0
1.536,0
1.538,0
1.54,0.0049995
1.542,0.009999
1.544,0.009999
1.546,0.009999
1.548,0.009999
1.55,0.0149985
1.552,0.019998
1.554,0.019998
1.556,0.019998
1.558,0.0249975
1.56,0.0249975
1.562,0.0249975
1.564,0.029997
1.566,0.029997
1.568,0.0349965
1.57,0.0349965
1.572,0.039996
1.574,0.039996
1.576,0.039996
1.578,0.0449955
1.58,0.049995
1.582,0.049995
1.584,0.0549945
1.586,0.059994
1.588,0.0649935
1.59,0.069993
1.592,0.0749925
1.594,0.079992
1.596,0.079992
1.598,0.0849915
1.6,0.089991
1.602,0.0949905
1.604,0.1049895
1.606,0.109989
1.608,0.119988
1.61,0.129987
1.612,0.139986
1.614,0.149985
1.616,0.159984
1.618,0.169983
1.62,0.179982
1.622,0.1949805
1.624,0.209979
1.626,0.2249775
1.628,0.239976
1.63,0.2549745
1.632,0.269973
1.634,0.2949705
1.636,0.309969
1.638,0.3249675
1.64,0.3449655
1.642,0.3649635
1.644,0.3849615
1.646,0.4049595
1.648,0.419958
1.65,0.4349565
1.652,0.449955
1.654,0.4649535
1.656,0.479952
1.658,0.4849515
1.66,0.4949505
1.662,0.5049495
1.664,0.509949
1.666,0.519948
1.668,0.5249475
1.67,0.529947
1.672,0.539946
1.674,0.5449455
1.676,0.549945
1.678,0.5549445
1.68,0.559944
1.682,0.5749425
1.684,0.579942
1.686,0.5849415
1.688,0.5949405
1.69,0.6049395
1.692,0.6149385
1.694,0.629937
1.696,0.649935
1.698,0.669933
1.7,0.6949305
1.702,0.719928
1.704,0.7449255
1.706,0.769923
1.708,0.769923
1.71,0.7549245
1.712,0.739926
1.714,0.729927
1.716,0.7349265
1.718,0.7449255
1.72,0.759924
1.722,0.7849215
1.724,0.8149185
1.726,0.849915
1.728,0.8949105
1.73,0.949905
1.732,1.009899
1.734,1.079892
1.736,1.149885
1.738,1.2248775
1.74,1.2848715
1.742,1.3348665
1.744,1.339866
1.746,1.3148685
1.748,1.229877
1.75,1.09989
1.752,0.939906
1.754,0.759924
1.756,0.5849415
1.758,0.439956
1.76,0.3049695
1.762,0.0449955
1.764,-0.0849915
1.766,-0.029997
1.768,0.039996
1.77,0.0849915
1.772,0.1849815
1.774,0.29997
1.776,0.409959
1.778,0.5449455
1.78,0.739926
1.782,0.9999
1.784,1.2948705
1.786,1.589841
1.788,1.8348165
1.79,1.9748025
1.792,1.9998
1.794,1.9548045
1.796,1.8848115
1.798,1.819818
1.8,1.789821
1.802,1.809819
1.804,1.8148185
1.806,1.7648235
1.808,1.649835
1.81,1.579842
1.812,1.59984
1.814,1.679832
1.816,1.79982
1.818,1.959804
1.82,2.1347865
1.822,2.2647735
1.824,2.279772
1.826,2.089791
1.828,1.6848315
1.83,1.209879
1.832,0.789921
1.834,0.4049595
1.836,-0.0449955
1.838,-0.079992
1.84,0.0549945
1.842,0.2249775
1.844,0.4049595
1.846,0.6049395
1.848,0.8749125
1.85,1.2648735
1.852,1.729827
1.854,2.159784
1.856,2.4447555
1.858,2.459754
1.86,2.369763
1.862,2.239776
1.864,2.1547845
1.866,2.139786
1.868,2.209779
1.87,2.079792
1.872,1.8648135
1.874,1.829817
1.876,1.9048095
1.878,2.0447955
1.88,2.2447755
1.882,2.4547545
1.884,2.569743
1.886,2.4747525
1.888,2.1047895
1.89,1.5348465
1.892,0.9849015
1.894,0.3849615
1.896,-0.079992
1.898,-0.0549945
1.9,0.1149885
1.902,0.3349665
1.904,0.569943
1.906,0.869913
1.908,1.3148685
1.91,1.8748125
1.912,2.3747625
1.914,2.6647335
1.916,2.669733
1.918,2.5347465
1.92,2.389761
1.922,2.3247675
1.924,2.3647635
1.926,2.3647635
1.928,2.09979
1.93,2.009799
1.932,2.0747925
1.934,2.2447755
1.936,2.4847515
1.938,2.7247275
1.94,2.8247175
1.942,2.6047395
1.944,2.019798
1.946,1.3148685
1.948,0.739926
1.95,0.19998
1.952,-0.009999
1.954,0.0049995
1.956,0.0349965
1.958,0.629937
1.96,1.1548845
1.962,1.819818
1.964,2.569743
1.966,3.089691
1.968,3.159684
1.97,2.869713
1.972,1.269873
1.974,2.7247275
1.976,2.759724
1.978,2.4847515
1.98,2.309769
1.982,2.389761
1.984,2.609739
1.986,2.9147085
1.988,3.1346865
1.99,3.009699
1.992,2.4147585
1.994,1.569843
1.996,0.8449155
1.998,0.2349765
2,0.0349965
2.002,0.259974
2.004,0.09999
2.006,0.009999
2.008,1.539846
2.01,2.5747425
2.012,3.2746725
2.014,3.379662
2.016,3.1746825
2.018,2.9447055
2.02,2.3247675
2.022,2.79972
2.024,2.509749
2.026,2.479752
2.028,2.6447355
2.03,2.9447055
2.032,3.249675
2.034,3.259674
2.036,2.7447255
2.038,1.489851
2.04,0.349965
2.042,0.039996
2.044,0.019998
2.046,0.269973
2.048,0.1449855
2.05,0.959904
2.052,2.0047995
2.054,2.9747025
2.056,3.569643
2.058,3.549645
2.06,3.2646735
2.062,3.109689
2.064,3.219678
2.066,2.8447155
2.068,2.619738
2.07,2.7547245
2.072,3.069693
2.074,3.439656
2.076,3.519648
2.078,2.959704
2.08,1.919808
2.082,0.7749225
2.084,0.009999
2.086,0.059994
2.088,0.389961
2.09,0.3049695
2.092,1.139886
2.094,2.519748
2.096,3.5646435
2.098,3.5746425
2.1,3.489651
2.102,3.4346565
2.104,3.539646
2.106,3.0646935
2.108,2.919708
2.11,3.169683
2.112,3.6346365
2.114,4.009599
2.116,3.6346365
2.118,2.329767
2.12,0.9849015
2.122,-0.219978
2.124,0.1349865
2.126,0.339966
2.128,0.6449355
2.13,2.4747525
2.132,3.809619
2.134,4.3345665
2.136,4.0945905
2.138,1.789821
2.14,2.1747825
2.142,3.3346665
2.144,3.259674
2.146,3.6746325
2.148,4.19958
2.15,4.179582
2.152,2.989701
2.154,1.5048495
2.156,0.1249875
2.158,0.019998
2.16,0.7149285
2.162,1.409859
2.164,0.419958
2.166,4.4545545
2.168,4.6545345
2.17,3.859614
2.172,2.6547345
2.174,3.9146085
2.176,3.539646
2.178,3.9046095
2.18,4.4945505
2.182,4.4645535
2.184,3.139686
2.186,1.0448955
2.188,0.0449955
2.19,0.019998
2.192,0.0049995
2.194,-0.0049995
2.196,3.6246375
2.198,5.089491
2.2,4.5045495
2.202,4.549545
2.204,4.1045895
2.206,3.789621
2.208,4.2745725
2.21,4.9995
2.212,4.629537
2.214,2.629737
2.216,0.9149085
2.218,0.019998
2.22,0.3349665
2.222,1.019898
2.224,0.2549745
2.226,1.969803
2.228,3.1246875
2.23,2.1647835
2.232,4.2845715
2.234,4.0245975
2.236,4.4545545
2.238,5.09949
2.24,4.5445455
2.242,2.569743
2.244,0.0949905
2.246,-0.0849915
2.248,0.009999
2.25,-0.009999
2.252,2.9847015
2.254,5.4444555
2.256,4.9845015
2.258,4.719528
2.26,4.2945705
2.262,3.9546045
2.264,4.4945505
2.266,5.0544945
2.268,4.349565
2.27,2.3147685
2.272,0.7149285
2.274,0.0249975
2.276,0.6749325
2.278,0.849915
2.28,1.259874
2.282,3.679632
2.284,4.2745725
2.286,4.4745525
2.288,4.189581
2.29,3.9346065
2.292,4.4145585
2.294,5.0644935
2.296,4.3945605
2.298,2.419758
2.3,0.209979
2.302,0.049995
2.304,0.0349965
2.306,0.0849915
2.308,1.9048095
2.31,5.5044495
2.312,5.0444955
2.314,4.7145285
2.316,4.479552
2.318,4.0345965
2.32,4.5645435
2.322,5.109489
2.324,4.329567
2.326,2.3047695
2.328,0.6449355
2.33,0.039996
2.332,0.7549245
2.334,2.7147285
2.336,4.2645735
2.338,5.109489
2.34,4.929507
2.342,4.039596
2.344,3.9846015
2.346,4.249575
2.348,5.019498
2.35,5.3744625
2.352,3.549645
2.354,1.3348665
2.356,0.0449955
2.358,0.089991
2.36,0.009999
2.362,0.49995
2.364,2.929707
2.366,4.429557
2.368,4.2245775
2.37,2.9047095
2.372,1.3048695
2.374,1.9948005
2.376,2.7047295
2.378,2.5547445
2.38,1.419858
2.382,0.4449555
2.384,0.019998
2.386,1.2248775
2.388,3.4946505
2.39,0.949905
2.392,0.1649835
2.394,3.69963
2.396,4.639536
2.398,2.4747525
2.4,4.589541
2.402,5.4344565
2.404,4.9045095
2.406,2.3447655
2.408,0.0149985
2.41,0.0249975
2.412,0.0149985
2.414,0.149985
2.416,2.209779
2.418,5.429457
2.42,5.1344865
2.422,4.3545645
2.424,3.1646835
2.426,4.0545945
2.428,4.479552
2.43,4.0045995
2.432,2.3447655
2.434,0.469953
2.436,0.079992
2.438,0.2849715
2.44,0.0549945
2.442,5.1044895
2.444,5.6044395
2.446,5.1744825
2.448,4.959504
2.45,4.349565
2.452,5.0244975
2.454,5.7144285
2.456,4.39956
2.458,1.6848315
2.46,0.019998
2.462,0.1849815
2.464,1.739826
2.466,2.5947405
2.468,2.529747
2.47,5.59944
2.472,5.1244875
2.474,4.6845315
2.476,5.0144985
2.478,5.769423
2.48,4.7545245
2.482,2.2347765
2.484,0.379962
2.486,0.0249975
2.488,0.009999
2.49,0.029997
2.492,5.79942
2.494,5.629437
2.496,5.7344265
2.498,4.6145385
2.5,5.2144785
2.502,6.019398
2.504,4.339566
2.506,0.0449955
2.508,0.0249975
2.51,0.009999
2.512,0.0449955
2.514,2.4947505
2.516,6.1643835
2.518,4.6345365
2.52,3.9646035
2.522,4.679532
2.524,2.009799
2.526,3.619638
2.528,4.049595
2.53,0.939906
2.532,0.0549945
2.534,0.879912
2.536,0.179982
2.538,4.819518
2.54,5.9044095
2.542,5.3044695
2.544,5.3644635
2.546,4.3245675
2.548,4.669533
2.55,5.5044495
2.552,5.1644835
2.554,2.69973
2.556,0.7749225
2.558,0.0349965
2.56,0.019998
2.562,1.629837
2.564,5.029497
2.566,5.6844315
2.568,2.669733
2.57,0.0049995
2.572,2.5447455
2.574,4.849515
2.576,5.4844515
2.578,4.449555
2.58,2.1747825
2.582,0.3549645
2.584,0.039996
2.586,0.009999
2.588,3.7146285
2.59,5.8044195
2.592,5.4944505
2.594,0.2249775
2.596,4.5945405
2.598,4.3045695
2.6,4.9445055
2.602,5.4944505
2.604,4.2445755
2.606,1.609839
2.608,0.0949905
2.61,0.159984
2.612,0.1349865
2.614,0.19998
2.616,2.079792
2.618,4.409559
2.62,4.919508
2.622,4.539546
2.624,4.449555
2.626,3.879612
2.628,4.9545045
2.63,3.5546445
2.632,1.3448655
2.634,0.139986
2.636,0.019998
2.638,0.009999
2.64,4.909509
2.642,5.779422
2.644,4.9445055
2.646,1.339866
2.648,0.0349965
2.65,1.1548845
2.652,5.249475
2.654,4.179582
2.656,0.4149585
2.658,0.139986
2.66,0.0149985
2.662,0.669933
2.664,2.679732
2.666,5.0144985
2.668,5.7144285
2.67,5.269473
2.672,2.1347865
2.674,3.1746825
2.676,4.6445355
2.678,5.439456
2.68,4.979502
2.682,2.6447355
2.684,-0.3849615
2.686,0.0049995
2.688,0.3249675
2.69,3.319668
2.692,5.6244375
2.694,5.739426
2.696,4.549545
2.698,1.749825
2.7,4.479552
2.702,5.139486
2.704,5.619438
2.706,4.189581
2.708,1.259874
2.71,-0.189981
2.712,0.0249975
2.714,0.009999
2.716,3.6646335
2.718,6.059394
2.72,5.5744425
2.722,5.0744925
2.724,4.709529
2.726,5.3144685
2.728,5.9944005
2.73,4.2245775
2.732,0.3649635
2.734,0.019998
2.736,0.019998
2.738,2.6947305
2.74,0.0449955
2.742,0.749925
2.744,5.559444
2.746,5.3844615
2.748,4.689531
2.75,5.3944605
2.752,5.7344265
2.754,3.809619
2.756,1.0348965
2.758,0.0349965
2.76,0.519948
2.762,2.859714
2.764,5.5644435
2.766,5.9644035
2.768,1.9548045
2.77,3.329667
2.772,4.569543
2.774,5.2044795
2.776,5.7844215
2.778,4.0745925
2.78,1.579842
2.782,0.0849915
2.784,0.4449555
2.786,1.959804
2.788,0.509949
2.79,6.0243975
2.792,4.529547
2.794,0.949905
2.796,4.479552
2.798,4.7245275
2.8,5.459454
2.802,4.9995
2.804,2.7547245
2.806,0.749925
2.808,0.0149985
2.81,0.0049995
2.812,2.709729
2.814,5.5444455
2.816,5.649435
2.818,1.5848415
2.82,3.4046595
2.822,4.3845615
2.824,4.9995
2.826,5.649435
2.828,4.249575
2.83,1.769823
2.832,0.019998
2.834,0.0249975
2.836,0.2249775
2.838,2.3847615
2.84,5.859414
2.842,4.6945305
2.844,1.139886
2.846,1.249875
2.848,4.4945505
2.85,5.219478
2.852,5.319468
2.854,3.539646
2.856,1.0748925
2.858,0.0449955
2.86,0.029997
2.862,0.2549745
2.864,4.039596
2.866,5.7944205
2.868,5.339466
2.87,4.709529
2.872,4.3445655
2.874,4.7645235
2.876,5.6744325
2.878,5.0644935
2.88,2.409759
2.882,0.0049995
2.884,0.029997
2.886,0.039996
2.888,0.6949305
2.89,3.9646035
2.892,4.549545
2.894,4.259574
2.896,3.8046195
2.898,3.519648
2.9,4.4645535
2.902,5.0944905
2.904,3.6146385
2.906,1.089891
2.908,0.059994
2.91,0.1449855
2.912,1.3948605
2.914,2.629737
2.916,1.409859
2.918,0.4149585
2.92,4.0345965
2.922,0.6149385
2.924,0
2.926,2.719728
2.928,2.459754
2.93,0.8749125
2.932,0.039996
2.934,0.0449955
2.936,0.089991
2.938,1.459854
2.94,6.2543745
2.942,5.7744225
2.944,5.3444655
2.946,4.789521
2.948,5.269473
2.95,5.949405
2.952,4.5845415
2.954,1.4548545
2.956,0.0549945
2.958,0.0449955
2.96,0.009999
2.962,0.0249975
2.964,0.0949905
2.966,0.4449555
2.968,0.119988
2.97,0.1449855
2.972,0.2949705
2.974,0.319968
2.976,0.019998
2.978,0.0149985
2.98,0.029997
2.982,-0.0049995
2.984,0.8549145
2.986,5.2344765
2.988,5.459454
2.99,4.8745125
2.992,4.3045695
2.994,4.1845815
2.996,5.2944705
2.998,5.2244775
3,2.1047895
3.002,0.029997
3.004,0.029997
3.006,0.0149985
3.008,1.2848715
3.01,5.019498
3.012,5.709429
3.014,5.659434
3.016,4.7345265
3.018,4.9245075
3.02,5.8844115
3.022,5.3544645
3.024,2.469753
3.026,0.0249975
3.028,0.029997
3.03,0.579942
3.032,4.609539
3.034,6.2143785
3.036,5.739426
3.038,5.2944705
3.04,4.709529
3.042,4.9545045
3.044,5.789421
3.046,4.929507
3.048,2.1047895
3.05,0.2849715
3.052,0.029997
3.054,0.0149985
3.056,2.289771
3.058,5.3944605
3.06,5.6744325
3.062,5.489451
3.064,4.679532
3.066,5.0544945
3.068,5.9644035
3.07,4.859514
3.072,2.0647935
3.074,0.0249975
3.076,0.129987
3.078,1.69983
3.08,4.9045095
3.082,5.0344965
3.084,1.4948505
3.086,5.189481
3.088,4.69953
3.09,5.1044895
3.092,5.6844315
3.094,4.359564
3.096,1.39986
3.098,0.009999
3.1,0.029997
3.102,2.069793
3.104,1.3848615
3.106,4.469553
3.108,1.5248475
3.11,4.189581
3.112,4.7445255
3.114,5.3244675
3.116,6.119388
3.118,4.3745625
3.12,1.5348465
3.122,0.029997
3.124,0.0249975
3.126,0.5449455
3.128,4.169583
3.13,3.8846115
3.132,5.669433
3.134,5.369463
3.136,4.969503
3.138,5.819418
3.14,5.629437
3.142,2.4947505
3.144,0.0449955
3.146,0.029997
3.148,0
3.15,3.7646235
3.152,6.3343665
3.154,6.0343965
3.156,3.0146985
3.158,4.379562
3.16,5.8844115
3.162,6.349365
3.164,3.5846415
3.166,0.1549845
3.168,0.019998
3.17,0.839916
3.172,3.5946405
3.174,6.819318
3.176,5.759424
3.178,5.989401
3.18,5.189481
3.182,6.0543945
3.184,5.9994
3.186,2.8147185
3.188,0.029997
3.19,0.0149985
3.192,-0.0049995
3.194,1.8248175
3.196,5.129487
3.198,6.229377
3.2,5.369463
3.202,4.939506
3.204,6.0743925
3.206,5.7144285
3.208,2.769723
3.21,0.2949705
3.212,0
3.214,0.1349865
3.216,0
3.218,6.5443455
3.22,5.779422
3.222,5.629437
3.224,4.4745525
3.226,5.5244475
3.228,5.9144085
3.23,3.9646035
3.232,1.2348765
3.234,0.0249975
3.236,0.009999
3.238,2.0247975
3.24,2.2247775
3.242,2.139786
3.244,4.949505
3.246,4.949505
3.248,4.8445155
3.25,5.7144285
3.252,5.2744725
3.254,2.719728
3.256,0.3749625
3.258,0.029997
3.26,0.369963
3.262,3.4946505
3.264,6.2643735
3.266,5.529447
3.268,5.2344765
3.27,4.339566
3.272,4.079592
3.274,5.1444855
3.276,4.8645135
3.278,1.979802
3.28,0.019998
3.282,0.019998
3.284,0.0149985
3.286,0.019998
3.288,1.9848015
3.29,4.7145285
3.292,5.039496
3.294,4.6645335
3.296,5.019498
3.298,5.69943
3.3,4.1745825
3.302,1.1548845
3.304,0.1149885
3.306,0.029997
3.308,0.009999
3.31,0.3649635
3.312,5.2744725
3.314,2.159784
3.316,5.3344665
3.318,4.7745225
3.32,5.59944
3.322,5.8744125
3.324,3.6346365
3.326,1.079892
3.328,0.0149985
3.33,0.0049995
3.332,1.9348065
3.334,5.4644535
3.336,6.0843915
3.338,5.629437
3.34,3.8546145
3.342,4.469553
3.344,6.0643935
3.346,4.8445155
3.348,1.1348865
3.35,0.039996
3.352,0.0149985
3.354,0.039996
3.356,0.0549945
3.358,5.9244075
3.36,4.9145085
3.362,5.349465
3.364,4.4245575
3.366,0.89991
3.368,5.2544745
3.37,0.0349965
3.372,0.0249975
3.374,0.0149985
3.376,1.19988
3.378,4.309569
3.38,5.8544145
3.382,6.1043895
3.384,5.459454
3.386,5.069493
3.388,5.749425
3.39,6.0643935
3.392,3.8446155
3.394,0.8349165
3.396,0.019998
3.398,0.249975
3.4,4.139586
3.402,5.8544145
3.404,4.559544
3.406,6.0143985
3.408,2.39976
3.41,5.5344465
3.412,6.389361
3.414,4.4545545
3.416,1.4148585
3.418,0.029997
3.42,0.019998
3.422,1.829817
3.424,6.309369
3.426,6.209379
3.428,5.629437
3.43,5.129487
3.432,5.2244775
3.434,5.9244075
3.436,3.089691
3.438,0.349965
3.44,0.0249975
3.442,0.0149985
3.444,0.1349865
3.446,3.3046695
3.448,1.1648835
3.45,0.369963
3.452,0.0149985
3.454,-0.019998
3.456,5.5344465
3.458,6.129387
3.46,3.7446255
3.462,0.1549845
3.464,0.0249975
3.466,0.0149985
3.468,0.009999
3.47,0.029997
3.472,0.0349965
3.474,0.039996
3.476,0.0749925
3.478,0.2049795
3.48,3.149685
3.482,2.8147185
3.484,0.129987
3.486,0.0249975
3.488,0.0249975
3.49,0
3.492,0.009999
3.494,4.969503
3.496,5.7244275
3.498,5.649435
3.5,4.2045795
3.502,0.6449355
3.504,5.639436
3.506,5.3544645
3.508,2.4347565
3.51,0.039996
3.512,0.1549845
3.514,0.0049995
3.516,0.0749925
3.518,1.479852
3.52,3.829617
3.522,1.729827
3.524,1.29987
3.526,3.49965
3.528,5.329467
3.53,4.569543
3.532,1.419858
3.534,0.029997
3.536,0.009999
3.538,0.059994
3.54,0.019998
3.542,1.889811
3.544,2.3347665
3.546,2.459754
3.548,2.579742
3.55,5.189481
3.552,5.7044295
3.554,3.509649
3.556,0.2849715
3.558,0.0149985
3.56,0.009999
3.562,0.009999
3.564,0.1049895
3.566,0.1049895
3.568,1.869813
3.57,3.4646535
3.572,0.139986
3.574,3.049695
3.576,5.419458
3.578,3.059694
3.58,0.739926
3.582,0.019998
3.584,-0.009999
3.586,3.949605
3.588,1.609839
3.59,0.119988
3.592,0.2249775
3.594,0.0649935
3.596,0.079992
3.598,0.049995
3.6,0
3.602,0.019998
3.604,0.019998
3.606,0.0149985
3.608,0.0049995
3.61,0.0349965
3.612,1.559844
3.614,5.8144185
3.616,5.449455
3.618,4.159584
3.62,3.9546045
3.622,4.769523
3.624,2.829717
3.626,0.649935
3.628,0.009999
3.63,0
3.632,0
3.634,0.019998
3.636,4.3545645
3.638,5.29947
3.64,4.9445055
3.642,5.7744225
3.644,6.2443755
3.646,3.5146485
3.648,0.029997
3.65,0.0449955
3.652,0.0049995
3.654,0.7549245
3.656,5.929407
3.658,4.8645135
3.66,0.3649635
3.662,0.8749125
3.664,0
3.666,0.259974
3.668,0.4049595
3.67,0.029997
3.672,0.039996
3.674,0.0249975
3.676,-0.0049995
3.678,0
3.68,-0.0049995
3.682,0
3.684,-0.009999
3.686,0.2049795
3.688,0.8849115
3.69,0.1249875
3.692,0
3.694,0.0149985
3.696,0.049995
3.698,0.0149985
3.7,0.029997
3.702,1.1348865
3.704,6.0343965
3.706,4.379562
3.708,0.5649435
3.71,2.6647335
3.712,4.139586
3.714,4.269573
3.716,2.8547145
3.718,0.909909
3.72,0.019998
3.722,0.0049995
3.724,0.0149985
3.726,3.9646035
3.728,5.839416
3.73,2.749725
3.732,3.829617
3.734,4.89951
3.736,5.829417
3.738,5.5144485
3.74,2.089791
3.742,0.1049895
3.744,0.029997
3.746,0.1549845
3.748,3.989601
3.75,5.839416
3.752,1.409859
3.754,0.959904
3.756,0.4149585
3.758,1.2048795
3.76,1.379862
3.762,2.9847015
3.764,0.6349365
3.766,0.0349965
3.768,0.019998
3.77,0.0349965
3.772,3.6846315
3.774,4.7945205
3.776,1.2848715
3.778,-0.0249975
3.78,-0.0349965
3.782,-0.0049995
3.784,0
3.786,0
3.788,0.019998
3.79,0.0349965
3.792,0.029997
3.794,0.049995
3.796,0.7249275
3.798,1.09989
3.8,5.319468
3.802,3.9346065
3.804,4.8045195
3.806,5.449455
3.808,5.5644435
3.81,2.629737
3.812,0.0249975
3.814,0.019998
3.816,1.579842
3.818,1.4348565
3.82,0.009999
3.822,3.4846515
3.824,5.4644535
3.826,4.9995
3.828,5.519448
3.83,6.29937
3.832,4.2945705
3.834,0.439956
3.836,0.019998
3.838,0
3.84,0.039996
3.842,0.059994
3.844,1.509849
3.846,1.989801
3.848,0.0549945
3.85,0.619938
3.852,1.2648735
3.854,0.0149985
3.856,0.0149985
3.858,0.019998
3.86,0.0049995
3.862,0
3.864,0.019998
3.866,0.009999
3.868,0.059994
3.87,0.029997
3.872,1.5148485
3.874,1.209879
3.876,0.2049795
3.878,0.0249975
3.88,0.029997
3.882,0.029997
3.884,0.1649835
3.886,4.859514
3.888,6.639336
3.89,5.839416
3.892,5.7944205
3.894,4.7545245
3.896,4.479552
3.898,1.839816
3.9,4.209579
3.902,1.3748625
3.904,0.019998
3.906,0.079992
3.908,0.0949905
3.91,2.9847015
3.912,6.1443855
3.914,4.6445355
3.916,4.269573
3.918,4.9545045
3.92,5.819418
3.922,5.589441
3.924,3.039696
3.926,0.4949505
3.928,0.029997
3.93,0
3.932,4.279572
3.934,6.4443555
3.936,5.789421
3.938,5.669433
3.94,4.3845615
3.942,1.9748025
3.944,5.809419
3.946,4.89951
3.948,2.1547845
3.95,0.0349965
3.952,0.0449955
3.954,-0.009999
3.956,2.1747825
3.958,5.359464
3.96,5.4944505
3.962,2.5247475
3.964,2.7147285
3.966,5.1744825
3.968,5.919408
3.97,4.619538
3.972,1.019898
3.974,0.029997
3.976,0.0249975
3.978,0.009999
3.98,0.009999
3.982,0.089991
3.984,5.609439
3.986,5.5744425
3.988,4.669533
3.99,5.389461
3.992,5.9544045
3.994,4.149585
3.996,1.3848615
3.998,0.009999
4,0.0049995
4.002,0.1049895
4.004,2.8547145
4.006,6.109389
4.008,5.779422
4.01,5.2044795
4.012,4.9845015
4.014,5.859414
4.016,5.529447
4.018,2.9847015
4.02,0.539946
4.022,0.0249975
4.024,-0.0049995
4.026,-0.009999
4.028,-0.019998
4.03,1.369863
4.032,-0.029997
4.034,0.319968
4.036,4.939506
4.038,-0.0049995
4.04,0.2549745
4.042,1.229877
4.044,0.009999
4.046,0
4.048,-0.009999
4.05,0.069993
4.052,2.539746
4.054,5.709429
4.056,5.2344765
4.058,3.9346065
4.06,5.0744925
4.062,4.739526
4.064,1.239876
4.066,0.049995
4.068,0.0349965
4.07,0.019998
4.072,0.009999
4.074,5.439456
4.076,6.0543945
4.078,4.959504
4.08,5.239476
4.082,6.3243675
4.084,5.2944705
4.086,2.0047995
4.088,0.039996
4.09,0.529947
4.092,1.7348265
4.094,1.959804
4.096,6.3443655
4.098,5.849415
4.1,5.4044595
4.102,3.549645
4.104,4.249575
4.106,5.619438
4.108,3.2146785
4.11,0.729927
4.112,0.0049995
4.114,-0.0049995
4.116,4.2845715
4.118,6.4143585
4.12,5.929407
4.122,5.5944405
4.124,4.8045195
4.126,5.0844915
4.128,6.3343665
4.13,4.309569
4.132,0.049995
4.134,0.039996
4.136,-0.0249975
4.138,0.679932
4.14,4.089591
4.142,6.1743825
4.144,5.6744325
4.146,5.289471
4.148,5.0044995
4.15,3.689631
4.152,3.09969
4.154,2.09979
4.156,0.0349965
4.158,0.039996
4.16,0.009999
4.162,4.2145785
4.164,6.2943705
4.166,1.349865
4.168,4.7045295
4.17,4.849515
4.172,5.4244575
4.174,6.2843715
4.176,4.389561
4.178,1.4848515
4.18,0.0149985
4.182,0.009999
4.184,0
4.186,0.5049495
4.188,1.989801
4.19,0.49995
4.192,0.3949605
4.194,1.3948605
4.196,1.4248575
4.198,0.619938
4.2,0.179982
4.202,0.1049895
4.204,0.019998
4.206,0.009999
4.208,4.3945605
4.21,6.3943605
4.212,2.779722
4.214,0.329967
4.216,4.1745825
4.218,5.929407
4.22,5.9944005
4.222,3.0646935
4.224,0.029997
4.226,0.0449955
4.228,-0.0049995
4.23,0.2249775
4.232,2.659734
4.234,5.289471
4.236,1.769823
4.238,1.6048395
4.24,5.8644135
4.242,6.029397
4.244,2.979702
4.246,0.0549945
4.248,0.0449955
4.25,0.0149985
4.252,0
4.254,1.749825
4.256,5.039496
4.258,5.269473
4.26,4.159584
4.262,6.029397
4.264,1.529847
4.266,2.119788
4.268,0.219978
4.27,0.029997
4.272,0
4.274,0.009999
4.276,0.729927
4.278,6.0643935
4.28,4.529547
4.282,1.5148485
4.284,6.4443555
4.286,4.3745625
4.288,0.029997
4.29,0.0249975
4.292,0.009999
4.294,0
4.296,-0.0049995
4.298,2.9547045
4.3,5.519448
4.302,5.2144785
4.304,4.19958
4.306,5.639436
4.308,4.089591
4.31,0.7149285
4.312,0.0349965
4.314,0
4.316,0.1249875
4.318,0.439956
4.32,6.089391
4.322,5.939406
4.324,2.409759
4.326,5.519448
4.328,6.3043695
4.33,4.569543
4.332,1.4748525
4.334,0.0149985
4.336,0.0049995
4.338,2.359764
4.34,6.449355
4.342,6.3143685
4.344,5.7144285
4.346,5.219478
4.348,5.5744425
4.35,6.089391
4.352,4.3645635
4.354,1.0148985
4.356,0.0149985
4.358,-0.0049995
4.36,0.109989
4.362,0.0149985
4.364,0
4.366,0.3349665
4.368,4.859514
4.37,5.219478
4.372,6.2143785
4.374,5.149485
4.376,1.3848615
4.378,0.029997
4.38,0.0849915
4.382,0.1649835
4.384,2.239776
4.386,6.4043595
4.388,5.9144085
4.39,3.2146785
4.392,-0.0149985
4.394,1.749825
4.396,4.319568
4.398,2.949705
4.4,0.5749425
4.402,0.029997
4.404,0.0049995
4.406,0.9649035
4.408,5.6144385
4.41,5.859414
4.412,5.879412
4.414,4.7445255
4.416,5.269473
4.418,6.259374
4.42,4.8445155
4.422,1.719828
4.424,0.0249975
4.426,0.0149985
4.428,-0.009999
4.43,0.2849715
4.432,2.6147385
4.434,3.6946305
4.436,2.069793
4.438,5.149485
4.44,5.9244075
4.442,5.289471
4.444,1.8748125
4.446,0.039996
4.448,0.029997
4.45,0.0749925
4.452,0.029997
4.454,0.029997
4.456,4.9145085
4.458,5.0744925
4.46,5.139486
4.462,6.3043695
4.464,6.149385
4.466,0.039996
4.468,0.0349965
4.47,0.0149985
4.472,0.009999
4.474,1.4448555
4.476,5.509449
4.478,0.8949105
4.48,-0.019998
4.482,0.29997
4.484,3.1846815
4.486,5.19948
4.488,1.79982
4.49,0.029997
4.492,0
4.494,0.159984
4.496,1.4348565
4.498,4.949505
4.5,3.0846915
4.502,2.19978
4.504,0.369963
4.506,2.1247875
4.508,1.9948005
4.51,0.1149885
4.512,0.0149985
4.514,0.0049995
4.516,0.09999
4.518,0.0849915
4.52,0.89991
4.522,2.1847815
4.524,0.0049995
4.526,0.009999
4.528,1.029897
4.53,2.0447955
4.532,0.2249775
4.534,0.0349965
4.536,0.0249975
4.538,0.0049995
4.54,1.8548145
4.542,4.9245075
4.544,2.0547945
4.546,0.0149985
4.548,0.0149985
4.55,0.189981
4.552,0.059994
4.554,0.0149985
4.556,0.0249975
4.558,0.009999
4.56,-0.0049995
4.562,0.0949905
4.564,0.5249475
4.566,5.809419
4.568,5.1344865
4.57,5.229477
4.572,6.089391
4.574,5.259474
4.576,2.0647935
4.578,0.0249975
4.58,0.0149985
4.582,0.019998
4.584,3.349665
4.586,6.289371
4.588,5.929407
4.59,4.7745225
4.592,3.949605
4.594,5.49945
4.596,5.859414
4.598,1.2748725
4.6,0.029997
4.602,0.029997
4.604,0.009999
4.606,0
4.608,6.709329
4.61,5.649435
4.612,0.3949605
4.614,4.459554
4.616,3.219678
4.618,5.9944005
4.62,4.7845215
4.622,1.789821
4.624,0.0449955
4.626,0.059994
4.628,1.969803
4.63,5.579442
4.632,5.9544045
4.634,5.5944405
4.636,5.159484
4.638,4.859514
4.64,5.729427
4.642,5.859414
4.644,1.569843
4.646,0.049995
4.648,0.0149985
4.65,0
4.652,4.489551
4.654,6.6643335
4.656,5.979402
4.658,2.9997
4.66,4.859514
4.662,5.4144585
4.664,6.2043795
4.666,4.669533
4.668,1.609839
4.67,0.029997
4.672,0.009999
4.674,2.2647735
4.676,6.2943705
4.678,6.3143685
4.68,5.819418
4.682,5.309469
4.684,5.069493
4.686,6.039396
4.688,4.639536
4.69,1.0948905
4.692,0.039996
4.694,0.029997
4.696,0.1049895
4.698,6.1343865
4.7,6.269373
4.702,6.189381
4.704,4.919508
4.706,5.4944505
4.708,6.409359
4.71,4.69953
4.712,1.579842
4.714,0.019998
4.716,-0.009999
4.718,-0.0149985
4.72,2.159784
4.722,4.229577
4.724,2.609739
4.726,5.1944805
4.728,5.179482
4.73,6.0143985
4.732,5.1144885
4.734,1.759824
4.736,0.119988
4.738,0.0249975
4.74,0.0049995
4.742,0.009999
4.744,-0.0049995
4.746,1.5748425
4.748,0.239976
4.75,1.49985
4.752,0.059994
4.754,0.039996
4.756,0.8349165
4.758,-0.0349965
4.76,0.0149985
4.762,0.2449755
4.764,2.5347465
4.766,6.329367
4.768,4.459554
4.77,1.2548745
4.772,0.9149085
4.774,2.09979
4.776,1.589841
4.778,0.509949
4.78,0.069993
4.782,0.029997
4.784,0.0049995
4.786,0
4.788,-0.009999
4.79,-0.0149985
4.792,-0.009999
4.794,-0.029997
4.796,0.119988
4.798,1.8448155
4.8,0.1349865
4.802,0.0049995
4.804,0.009999
4.806,0.309969
4.808,2.8747125
4.81,4.259574
4.812,0.4549545
4.814,0.7349265
4.816,0.3449655
4.818,0.829917
4.82,0.7049295
4.822,0.9949005
4.824,0.4649535
4.826,0.029997
4.828,0.039996
4.83,0.0249975
4.832,2.5547445
4.834,5.6044395
4.836,5.9844015
4.838,1.249875
4.84,4.0245975
4.842,4.6445355
4.844,5.4444555
4.846,5.989401
4.848,3.779622
4.85,0.0049995
4.852,0.029997
4.854,0.0349965
4.856,1.0048995
4.858,5.5344465
4.86,3.8746125
4.862,0.579942
4.864,0.4649535
4.866,1.5948405
4.868,2.3047695
4.87,2.029797
4.872,0.659934
4.874,0.059994
4.876,0.039996
4.878,0.019998
4.88,0.009999
4.882,0.019998
4.884,4.3845615
4.886,5.7444255
4.888,4.9145085
4.89,4.909509
4.892,5.909409
4.894,5.849415
4.896,2.879712
4.898,0.0349965
4.9,0.1849815
4.902,2.069793
4.904,4.8845115
4.906,6.489351
4.908,5.9144085
4.91,5.539446
4.912,4.889511
4.914,5.469453
4.916,5.9744025
4.918,4.3145685
4.92,1.329867
4.922,0.039996
4.924,0.0249975
4.926,0.0049995
4.928,4.439556
4.93,6.119388
4.932,5.809419
4.934,4.9245075
4.936,4.8945105
4.938,5.8144185
4.94,5.709429
4.942,2.929707
4.944,0.0149985
4.946,0.279972
4.948,0.0049995
4.95,0.779922
4.952,5.7044295
4.954,3.439656
4.956,5.0044995
4.958,2.849715
4.96,2.6947305
4.962,5.7444255
4.964,5.1944805
4.966,2.5447455
4.968,0.4849515
4.97,0.0249975
4.972,1.719828
4.974,4.819518
4.976,6.189381
4.978,5.8044195
4.98,1.4048595
4.982,3.659634
4.984,5.189481
4.986,6.049395
4.988,4.7545245
4.99,1.89981
4.992,0.0249975
4.994,0.0849915
4.996,1.8648135
4.998,5.339466
5,6.1943805
5.002,5.6044395
5.004,5.359464
5.006,4.609539
5.008,5.129487
5.01,5.7344265
5.012,4.489551
5.014,1.559844
5.016,0.019998
5.018,0.0049995
5.02,0
5.022,3.69963
5.024,5.9644035
5.026,5.539446
5.028,5.3144685
5.03,4.5945405
5.032,4.9045095
5.034,5.79942
5.036,5.009499
5.038,0.5249475
5.04,0.0249975
5.042,0.029997
5.044,-0.0049995
5.046,0
5.048,0.969903
5.05,4.5645435
5.052,1.2348765
5.054,4.7645235
5.056,4.859514
5.058,5.6744325
5.06,5.219478
5.062,2.3147685
5.064,0.1649835
5.066,0.029997
5.068,1.589841
5.07,1.7248275
5.072,4.619538
5.074,5.8344165
5.076,1.409859
5.078,3.6646335
5.08,5.149485
5.082,6.089391
5.084,4.989501
5.086,0.2349765
5.088,0.029997
5.09,0.049995
5.092,0.949905
5.094,5.519448
5.096,6.339366
5.098,4.519548
5.1,1.1548845
5.102,4.8245175
5.104,3.4846515
5.106,1.989801
5.108,3.049695
5.11,0.0349965
5.112,0.029997
5.114,0.009999
5.116,0.0249975
5.118,4.159584
5.12,6.0943905
5.122,1.6948305
5.124,2.5847415
5.126,4.949505
5.128,6.2043795
5.13,5.149485
5.132,0.4549545
5.134,0.019998
5.136,0.009999
5.138,0.689931
5.14,0.559944
5.142,6.469353
5.144,5.829417
5.146,4.459554
5.148,1.459854
5.15,6.049395
5.152,5.579442
5.154,2.279772
5.156,0
5.158,0.019998
5.16,0.029997
5.162,3.779622
5.164,6.5343465
5.166,6.1343865
5.168,5.319468
5.17,5.169483
5.172,6.1043895
5.174,5.7444255
5.176,1.029897
5.178,0.0349965
5.18,0.019998
5.182,0.0949905
5.184,-0.0049995
5.186,0.4549545
5.188,-0.0249975
5.19,0.1749825
5.192,2.09979
5.194,4.1845815
5.196,2.919708
5.198,1.7748225
5.2,0.459954
5.202,0.019998
5.204,0.0049995
5.206,2.5147485
5.208,5.9944005
5.21,6.0443955
5.212,2.3447655
5.214,-0.0249975
5.216,0.8349165
5.218,0.3649635
5.22,0.449955
5.222,1.829817
5.224,0.379962
5.226,0.029997
5.228,0
5.23,0.569943
5.232,0.4649535
5.234,2.7147285
5.236,-0.0149985
5.238,0.539946
5.24,4.6745325
5.242,4.7245275
5.244,1.069893
5.246,1.979802
5.248,0.0049995
5.25,0.0149985
5.252,0.009999
5.254,2.9547045
5.256,5.0744925
5.258,3.6346365
5.26,1.959804
5.262,1.469853
5.264,2.969703
5.266,3.729627
5.268,2.5947405
5.27,0.469953
5.272,0.029997
5.274,0.019998
5.276,0.09999
5.278,0.249975
5.28,1.09989
5.282,5.2944705
5.284,0.419958
5.286,4.9145085
5.288,5.8244175
5.29,5.749425
5.292,2.79972
5.294,0.0449955
5.296,0.019998
5.298,0.0049995
5.3,0.009999
5.302,0.029997
5.304,1.339866
5.306,1.19988
5.308,-0.0249975
5.31,0.8049195
5.312,1.569843
5.314,0.4949505
5.316,0.0149985
5.318,0.029997
5.32,0.0149985
5.322,0
5.324,0
5.326,1.5948405
5.328,1.959804
5.33,0.019998
5.332,0.7449255
5.334,1.839816
5.336,0.1249875
5.338,0.5149485
5.34,0.019998
5.342,0.0249975
5.344,-0.0049995
5.346,-0.009999
5.348,2.539746
5.35,3.869613
5.352,3.059694
5.354,5.0644935
5.356,5.879412
5.358,5.889411
5.36,1.8948105
5.362,0.0349965
5.364,0.0349965
5.366,0.589941
5.368,0.129987
5.37,5.889411
5.372,6.0143985
5.374,0.259974
5.376,3.0746925
5.378,5.8244175
5.38,6.369363
5.382,3.5646435
5.384,0.009999
5.386,0.0349965
5.388,0.0149985
5.39,1.989801
5.392,4.569543
5.394,1.179882
5.396,3.779622
5.398,5.0044995
5.4,3.989601
5.402,2.869713
5.404,2.829717
5.406,1.069893
5.408,0.019998
5.41,0.4049595
5.412,0.5349465
5.414,0.1149885
5.416,0.6249375
5.418,5.1544845
5.42,4.869513
5.422,4.9645035
5.424,6.029397
5.426,5.739426
5.428,2.439756
5.43,-0.569943
5.432,0.029997
5.434,0.0149985
5.436,0.089991
5.438,1.009899
5.44,1.729827
5.442,1.8448155
5.444,4.8745125
5.446,5.4544545
5.448,5.909409
5.45,4.1845815
5.452,0.779922
5.454,-0.229977
5.456,0.019998
5.458,0.029997
5.46,4.879512
5.462,6.049395
5.464,5.739426
5.466,4.9245075
5.468,4.869513
5.47,5.8644135
5.472,6.009399
5.474,2.959704
5.476,0.039996
5.478,0.39996
5.48,1.3348665
5.482,1.709829
5.484,6.4643535
5.486,5.9844015
5.488,5.459454
5.49,4.9045095
5.492,4.959504
5.494,5.5344465
5.496,4.6245375
5.498,1.469853
5.5,0.079992
5.502,0.039996
5.504,0.0049995
5.506,2.949705
5.508,3.8946105
5.51,5.4244575
5.512,5.059494
5.514,5.0244975
5.516,6.059394
5.518,5.969403
5.52,2.769723
5.522,-0.0849915
5.524,0.019998
5.526,-0.009999
5.528,-0.0049995
5.53,1.249875
5.532,5.5644435
5.534,4.219578
5.536,3.949605
5.538,2.969703
5.54,2.7747225
5.542,3.0646935
5.544,0.6449355
5.546,0.029997
5.548,0.0049995
5.55,-0.0149985
5.552,0.069993
5.554,0.479952
5.556,0.1349865
5.558,-0.029997
5.56,-0.0249975
5.562,0
5.564,0
5.566,0
5.568,0.0149985
5.57,0.6349365
5.572,4.029597
5.574,6.749325
5.576,6.359364
5.578,5.8644135
5.58,5.149485
5.582,5.629437
5.584,6.259374
5.586,4.159584
5.588,0.8049195
5.59,0.0249975
5.592,0
5.594,0
5.596,0
5.598,3.779622
5.6,5.7544245
5.602,5.2344765
5.604,5.879412
5.606,6.4543545
5.608,3.809619
5.61,0.4249575
5.612,0.149985
5.614,-0.0049995
5.616,-0.009999
5.618,0.0549945
5.62,1.579842
5.622,-0.0249975
5.624,0.459954
5.626,2.89971
5.628,2.4647535
5.63,0.5849415
5.632,0.0349965
5.634,0.029997
5.636,0.009999
5.638,0.0749925
5.64,1.8448155
5.642,3.3046695
5.644,2.479752
5.646,2.6047395
5.648,3.369663
5.65,1.3348665
5.652,1.8148185
5.654,0.3749625
5.656,0.0149985
5.658,0.0149985
5.66,-0.009999
5.662,1.629837
5.664,6.289371
5.666,0.2749725
5.668,5.0544945
5.67,5.049495
5.672,5.979402
5.674,5.539446
5.676,2.429757
5.678,0.019998
5.68,0.0249975
5.682,0.009999
5.684,2.759724
5.686,4.409559
5.688,3.0446955
5.69,4.3945605
5.692,2.8647135
5.694,4.459554
5.696,6.009399
5.698,3.5146485
5.7,0.6049395
5.702,0.0449955
5.704,1.559844
5.706,0.229977
5.708,6.19938
5.71,6.049395
5.712,6.0243975
5.714,4.8445155
5.716,5.379462
5.718,6.2643735
5.72,4.7945205
5.722,1.6848315
5.724,0.0349965
5.726,0.019998
5.728,0
5.73,2.49975
5.732,6.3443655
5.734,3.19968
5.736,0.6449355
5.738,1.519848
5.74,1.6948305
5.742,0.939906
5.744,0.159984
5.746,0.0149985
5.748,0.009999
5.75,0.0149985
5.752,0.009999
5.754,0.1849815
5.756,1.1148885
5.758,0.0449955
5.76,0.159984
5.762,0.219978
5.764,0.069993
5.766,0.0949905
5.768,0.0249975
5.77,0.029997
5.772,0.0249975
5.774,1.939806
5.776,6.459354
5.778,3.7446255
5.78,2.1147885
5.782,5.5644435
5.784,6.349365
5.786,4.809519
5.788,1.39986
5.79,0.019998
5.792,0.049995
5.794,0.009999
5.796,-0.019998
5.798,0.239976
5.8,0.2449755
5.802,0.759924
5.804,0.7849215
5.806,0.049995
5.808,0.2749725
5.81,0.0749925
5.812,0.029997
5.814,0.0049995
5.816,0.009999
5.818,-0.0049995
5.82,-0.0049995
5.822,-0.009999
5.824,1.149885
5.826,3.929607
5.828,3.469653
5.83,0.9649035
5.832,0.0149985
5.834,0.009999
5.836,0.029997
5.838,0.0249975
5.84,4.219578
5.842,2.3947605
5.844,0.189981
5.846,-0.0049995
5.848,5.269473
5.85,0.809919
5.852,0.0149985
5.854,0.0249975
5.856,0.039996
5.858,2.4347565
5.86,4.1645835
5.862,6.609339
5.864,5.9344065
5.866,5.729427
5.868,5.029497
5.87,5.879412
5.872,5.879412
5.874,2.8447155
5.876,0.029997
5.878,0.0249975
5.88,0.009999
5.882,3.5046495
5.884,5.9844015
5.886,5.259474
5.888,4.909509
5.89,4.9145085
5.892,5.7044295
5.894,6.1743825
5.896,3.8046195
5.898,0.429957
5.9,0.019998
5.902,0
5.904,0.1949805
5.906,6.669333
5.908,6.0743925
5.91,5.769423
5.912,4.889511
5.914,5.359464
5.916,6.1543845
5.918,4.1545845
5.92,0.0549945
5.922,0.029997
5.924,0.0149985
5.926,-0.009999
5.928,0.009999
5.93,0
5.932,-0.0249975
5.934,-0.0149985
5.936,0.2649735
5.938,0.539946
5.94,0.1449855
5.942,0.019998
5.944,0.009999
5.946,-0.009999
5.948,-0.009999
5.95,-0.029997
5.952,0.1449855
5.954,1.879812
5.956,0.769923
5.958,0.79992
5.96,2.0147985
5.962,1.889811
5.964,0.0749925
5.966,0.019998
5.968,0.029997
5.97,0.0249975
5.972,0.0149985
5.974,2.6347365
5.976,2.8347165
5.978,1.79982
5.98,2.929707
5.982,3.6546345
5.984,2.029797
5.986,0.259974
5.988,0.019998
5.99,0
5.992,0.029997
5.994,6.1343865
5.996,6.3143685
5.998,6.209379
6,0
6.002,5.7644235
6.004,6.6443355
6.006,4.1345865
6.008,0.049995
6.01,0.0449955
6.012,0.19998
6.014,0.4949505
6.016,1.0448955
6.018,2.109789
6.02,0.2249775
6.022,0.9749025
6.024,2.789721
6.026,1.6248375
6.028,0.059994
6.03,0.039996
6.032,0.0549945
6.034,1.889811
6.036,1.069893
6.038,0.09999
6.04,0.9649035
6.042,4.5345465
6.044,4.89951
6.046,4.279572
6.048,3.159684
6.05,0.5849415
6.052,0.0149985
6.054,0.359964
6.056,2.419758
6.058,1.8848115
6.06,6.449355
6.062,4.609539
6.064,2.549745
6.066,5.459454
6.068,6.1443855
6.07,4.759524
6.072,1.519848
6.074,0.029997
6.076,0.009999
6.078,0.0149985
6.08,4.5845415
6.082,6.289371
6.084,5.949405
6.086,5.1244875
6.088,5.5344465
6.09,6.5243475
6.092,4.759524
6.094,1.0448955
6.096,0.0449955
6.098,0.0449955
6.1,0.169983
6.102,0.2949705
6.104,0.759924
6.106,1.2748725
6.108,0.049995
6.11,0.5949405
6.112,0.979902
6.114,0
6.116,0.0049995
6.118,0.0149985
6.12,0
6.122,0.009999
6.124,0.7949205
6.126,0.769923
6.128,2.589741
6.13,1.0548945
6.132,1.629837
6.134,3.5746425
6.136,2.1147885
6.138,0.2349765
6.14,0.1149885
6.142,0.009999
6.144,-0.0049995
6.146,0.19998
6.148,4.559544
6.15,1.5948405
6.152,0.1049895
6.154,0.9849015
6.156,2.2447755
6.158,2.2147785
6.16,0.649935
6.162,0.0249975
6.164,0.009999
6.166,-0.0049995
6.168,0.0149985
6.17,0.0349965
6.172,-0.0049995
6.174,-0.039996
6.176,0.279972
6.178,0.679932
6.18,0.279972
6.182,0.0149985
6.184,0.0249975
6.186,0.019998
6.188,0
6.19,6.479352
6.192,6.309369
6.194,5.8144185
6.196,2.479752
6.198,5.3244675
6.2,6.2543745
6.202,5.189481
6.204,1.929807
6.206,0.0149985
6.208,0.009999
6.21,0
6.212,-0.009999
6.214,0.229977
6.216,0.3049695
6.218,0.0349965
6.22,0.7649235
6.222,1.689831
6.224,0.649935
6.226,0.0049995
6.228,0.029997
6.23,-0.0049995
6.232,-0.0149985
6.234,-0.0049995
6.236,0.089991
6.238,0.1549845
6.24,0.0149985
6.242,0.0249975
6.244,0.379962
6.246,1.5448455
6.248,0.109989
6.25,0.0149985
6.252,0.0549945
6.254,0.139986
6.256,1.3848615
6.258,3.229677
6.26,1.219878
6.262,0.8849115
6.264,1.0148985
6.266,1.659834
6.268,2.359764
6.27,1.0648935
6.272,0.1949805
6.274,0.0249975
6.276,-0.0049995
6.278,-0.0149985
6.28,0.2449755
6.282,2.349765
6.284,0.209979
6.286,1.0948905
6.288,2.189781
6.29,2.9247075
6.292,2.1847815
6.294,0.449955
6.296,0.019998
6.298,0.0349965
6.3,0.0449955
6.302,0.6549345
6.304,1.949805
6.306,2.9947005
6.308,3.3646635
6.31,0.2649735
6.312,0.5349465
6.314,2.719728
6.316,2.09979
6.318,0.129987
6.32,0.019998
6.322,-0.0049995
6.324,-0.0049995
6.326,-0.009999
6.328,0.2349765
6.33,0.0049995
6.332,0.09999
6.334,0.2749725
6.336,0.4349565
6.338,0.489951
6.34,0.1949805
6.342,0.0149985
6.344,0.019998
6.346,0.039996
6.348,1.6448355
6.35,6.09939
6.352,5.4744525
6.354,5.1244875
6.356,4.669533
6.358,5.489451
6.36,4.7245275
6.362,2.19978
6.364,0.3049695
6.366,-0.1049895
6.368,0
6.37,-0.009999
6.372,0.009999
6.374,4.6445355
6.376,5.6244375
6.378,4.7845215
6.38,3.719628
6.382,5.5844415
6.384,5.969403
6.386,3.3046695
6.388,-0.0849915
6.39,0.039996
6.392,0.0249975
6.394,1.229877
6.396,4.4245575
6.398,1.59984
6.4,5.4344565
6.402,5.0744925
6.404,4.8145185
6.406,5.619438
6.408,5.439456
6.41,2.189781
6.412,0.029997
6.414,0.4449555
6.416,0.2449755
6.418,0.039996
6.42,4.759524
6.422,1.329867
6.424,4.4545545
6.426,4.669533
6.428,2.329767
6.43,2.7947205
6.432,3.009699
6.434,1.3248675
6.436,0.1949805
6.438,0.009999
6.44,0.0549945
6.442,1.439856
6.444,5.659434
6.446,4.5745425
6.448,0.7249275
6.45,0.449955
6.452,0.679932
6.454,2.609739
6.456,2.869713
6.458,0.529947
6.46,0.3949605
6.462,0.029997
6.464,0.019998
6.466,1.9998
6.468,0.69993
6.47,1.8748125
6.472,2.4847515
6.474,0.2949705
6.476,3.9146085
6.478,4.349565
6.48,0
6.482,0.1649835
6.484,0.249975
6.486,0.0249975
6.488,0.0349965
6.49,0.0449955
6.492,1.129887
6.494,4.729527
6.496,5.669433
6.498,3.529647
6.5,0.3149685
6.502,1.89981
6.504,4.429557
6.506,5.149485
6.508,5.0944905
6.51,3.249675
6.512,0.779922
6.514,0.039996
6.516,0.0249975
6.518,0
6.52,0.0149985
6.522,4.9845015
6.524,4.959504
6.526,0.19998
6.528,0.249975
6.53,2.1547845
6.532,0.2149785
6.534,0.0849915
6.536,0.029997
6.538,0.059994
6.54,0.0049995
6.542,0.009999
6.544,-0.0049995
6.546,-0.0049995
6.548,1.49985
6.55,3.639636
6.552,3.889611
6.554,3.7946205
6.556,3.2246775
6.558,3.269673
6.56,3.969603
6.562,4.3445655
6.564,3.29967
6.566,1.449855
6.568,0.189981
6.57,0.029997
6.572,0
6.574,-0.0149985
6.576,4.629537
6.578,5.3144685
6.58,4.769523
6.582,4.5045495
6.584,4.179582
6.586,3.7946205
6.588,4.2445755
6.59,4.79952
6.592,4.3745625
6.594,2.6547345
6.596,0.8849115
6.598,0.029997
6.6,0.019998
6.602,1.149885
6.604,0.9049095
6.606,3.1846815
6.608,4.839516
6.61,4.449555
6.612,4.4445555
6.614,3.809619
6.616,3.6646335
6.618,4.129587
6.62,4.7445255
6.622,4.409559
6.624,2.559744
6.626,0.979902
6.628,0.029997
6.63,0.1649835
6.632,1.289871
6.634,2.559744
6.636,4.0545945
6.638,3.5046495
6.64,1.4148585
6.642,4.229577
6.644,3.9846015
6.646,3.5146485
6.648,3.7146285
6.65,4.2545745
6.652,4.459554
6.654,3.509649
6.656,1.5748425
6.658,0.269973
6.66,0.019998
6.662,0.0249975
6.664,0
6.666,2.6447355
6.668,4.2945705
6.67,4.389561
6.672,4.1945805
6.674,3.9946005
6.676,3.9246075
6.678,3.3346665
6.68,3.509649
6.682,4.0145985
6.684,4.3745625
6.686,3.7746225
6.688,2.229777
6.69,0.7949205
6.692,0.0249975
6.694,0.0249975
6.696,0.009999
6.698,1.249875
6.7,2.729727
6.702,2.6547345
6.704,0.9849015
6.706,0.9049095
6.708,3.269673
6.71,3.4346565
6.712,3.19968
6.714,3.4546545
6.716,3.959604
6.718,4.229577
6.72,1.3748625
6.722,1.969803
6.724,0.4049595
6.726,0.0349965
6.728,0.239976
6.73,0.8049195
6.732,1.3148685
6.734,1.8148185
6.736,3.8946105
6.738,3.959604
6.74,3.69963
6.742,3.429657
6.744,3.339666
6.746,3.09969
6.748,3.0446955
6.75,3.3346665
6.752,3.779622
6.754,3.869613
6.756,3.029697
6.758,1.7348265
6.76,0.2549745
6.762,-0.0749925
6.764,0.0149985
6.766,0.3149685
6.768,0.019998
6.77,2.459754
6.772,3.479652
6.774,1.619838
6.776,1.7148285
6.778,3.059694
6.78,3.079692
6.782,2.9747025
6.784,2.759724
6.786,2.8847115
6.788,3.0046995
6.79,3.259674
6.792,3.229677
6.794,2.4047595
6.796,1.349865
6.798,0.3349665
6.8,-0.0149985
6.802,0.09999
6.804,0.039996
6.806,0.959904
6.808,2.2047795
6.81,3.2746725
6.812,2.469753
6.814,3.239676
6.816,2.979702
6.818,3.1746825
6.82,2.9547045
6.822,2.4947505
6.824,2.4147585
6.826,2.6947305
6.828,3.139686
6.83,3.359664
6.832,3.249675
6.834,2.389761
6.836,1.329867
6.838,0.4649535
6.84,-0.009999
6.842,0.049995
6.844,0.4349565
6.846,0.819918
6.848,1.4748525
6.85,1.6548345
6.852,1.049895
6.854,0.8249175
6.856,2.7447255
6.858,2.3447655
6.86,2.889711
6.862,2.949705
6.864,2.519748
6.866,2.469753
6.868,2.6347365
6.87,2.919708
6.872,3.2146785
6.874,3.209679
6.876,2.6947305
6.878,1.8348165
6.88,1.0248975
6.882,0.379962
6.884,0.009999
6.886,0.1549845
6.888,0.159984
6.89,0.579942
6.892,1.439856
6.894,2.169783
6.896,2.829717
6.898,3.089691
6.9,2.8747125
6.902,2.659734
6.904,2.6447355
6.906,2.709729
6.908,2.59974
6.91,2.249775
6.912,2.209779
6.914,2.3147685
6.916,2.569743
6.918,2.6747325
6.92,2.989701
6.922,2.7347265
6.924,1.9848015
6.926,1.3548645
6.928,0.589941
6.93,0.0049995
6.932,0.029997
6.934,0.1149885
6.936,0.09999
6.938,0.4749525
6.94,1.129887
6.942,1.5748425
6.944,1.489851
6.946,2.0347965
6.948,2.4047595
6.95,2.0447955
6.952,2.4247575
6.954,2.3347665
6.956,2.4747525
6.958,2.3847615
6.96,2.079792
6.962,2.0047995
6.964,2.069793
6.966,2.189781
6.968,2.189781
6.97,2.449755
6.972,2.609739
6.974,2.2747725
6.976,1.889811
6.978,1.2448755
6.98,0.709929
6.982,0.279972
6.984,-0.029997
6.986,0.029997
6.988,0.2249775
6.99,0.4649535
6.992,0.4849515
6.994,0.509949
6.996,1.39986
6.998,2.069793
7,2.4447555
7.002,1.589841
7.004,2.4047595
7.006,1.6348365
7.008,1.509849
7.01,2.1447855
7.012,2.1047895
7.014,1.479852
7.016,1.879812
7.018,1.7748225
7.02,1.779822
7.022,1.879812
7.024,1.579842
7.026,0.9749025
7.028,1.7248275
7.03,1.789821
7.032,1.1148885
7.034,1.419858
7.036,1.0648935
7.038,0.7049295
7.04,0.519948
7.042,0.119988
7.044,0.009999
7.046,0.009999
7.048,0.179982
7.05,0.0349965
7.052,0.5049495
7.054,0.7549245
7.056,1.0448955
7.058,1.459854
7.06,1.8648135
7.062,2.1647835
7.064,2.309769
7.066,2.259774
7.068,2.1147885
7.07,1.9948005
7.072,1.909809
7.074,1.889811
7.076,1.9148085
7.078,1.859814
7.08,1.689831
7.082,1.5748425
7.084,1.559844
7.086,1.59984
7.088,1.6848315
7.09,1.79982
7.092,1.9248075
7.094,2.0347965
7.096,2.069793
7.098,1.9998
7.1,1.7648235
7.102,1.419858
7.104,1.039896
7.106,0.7149285
7.108,0.439956
7.11,0
7.112,-0.009999
7.114,-0.0249975
7.116,0.0649935
7.118,0.1749825
7.12,0.2549745
7.122,0.349965
7.124,0.5749425
7.126,0.779922
7.128,1.0348965
7.13,1.319868
7.132,1.5848415
7.134,1.779822
7.136,1.879812
7.138,1.8748125
7.14,1.809819
